player,slug,season,team,age,height_in,weight_lb
Aaron Gordon,203932,2018-19,ORL,23,81,220
Aaron Holiday,1628988,2018-19,IND,22,73,185
Abdel Nader,1627846,2018-19,OKC,25,78,225
Al Horford,201143,2018-19,BOS,33,82,245
Al-Farouq Aminu,202329,2018-19,POR,28,81,220
Alan Williams,1626210,2018-19,BKN,26,80,265
Alec Burks,202692,2018-19,SAC,27,78,214
Alex Abrines,203518,2018-19,OKC,25,78,200
Alex Caruso,1627936,2018-19,LAL,25,77,186
Alex Len,203458,2018-19,ATL,26,85,250
Alex Poythress,1627816,2018-19,ATL,25,81,235
Alfonzo McKinnie,1628035,2018-19,GSW,26,80,215
Alize Johnson,1628993,2018-19,IND,23,81,212
Allen Crabbe,203459,2018-19,BKN,27,78,212
Allonzo Trier,1629019,2018-19,NYK,23,77,200
Amile Jefferson,1628518,2018-19,ORL,26,81,222
Amir Johnson,101161,2018-19,PHI,32,81,240
Andre Drummond,203083,2018-19,DET,25,83,279
Andre Iguodala,2738,2018-19,GSW,35,78,215
Andre Ingram,201281,2018-19,LAL,33,75,190
Andrew Bogut,101106,2018-19,GSW,34,84,260
Andrew Harrison,1626150,2018-19,NOP,24,78,213
Andrew Wiggins,203952,2018-19,MIN,24,80,194
Anfernee Simons,1629014,2018-19,POR,20,76,185
Angel Delgado,1629116,2018-19,LAC,24,82,245
Ante Zizic,1627790,2018-19,CLE,22,83,254
Anthony Davis,203076,2018-19,NOP,26,82,253
Anthony Tolliver,201229,2018-19,MIN,34,80,250
Antonio Blakeney,1628469,2018-19,CHI,22,76,192
Aron Baynes,203382,2018-19,BOS,32,82,260
Austin Rivers,203085,2018-19,HOU,26,76,200
Avery Bradley,202340,2018-19,MEM,28,74,180
B.J. Johnson,1629168,2018-19,SAC,23,79,200
Bam Adebayo,1628389,2018-19,MIA,21,82,255
Ben McLemore,203463,2018-19,SAC,26,77,201
Ben Simmons,1627732,2018-19,PHI,22,82,230
Billy Garrett,1628656,2018-19,NYK,24,78,215
Bismack Biyombo,202687,2018-19,CHA,26,81,255
Blake Griffin,201933,2018-19,DET,30,82,250
Boban Marjanovic,1626246,2018-19,PHI,30,87,290
Bobby Portis,1626171,2018-19,WAS,24,83,250
Bogdan Bogdanovic,203992,2018-19,SAC,26,78,205
Bojan Bogdanovic,202711,2018-19,IND,30,80,216
Bonzie Colson,1629045,2018-19,MIL,23,78,225
Brad Wanamaker,202954,2018-19,BOS,29,76,210
Bradley Beal,203078,2018-19,WAS,26,77,207
Brandon Goodwin,1629164,2018-19,DEN,23,74,180
Brandon Ingram,1627742,2018-19,LAL,21,81,190
Brandon Knight,202688,2018-19,CLE,27,75,195
Brandon Sampson,1629102,2018-19,CHI,22,77,184
Brook Lopez,201572,2018-19,MIL,31,84,270
Bruce Brown,1628971,2018-19,DET,22,77,202
Bruno Caboclo,203998,2018-19,MEM,23,81,218
Bryn Forbes,1627854,2018-19,SAS,25,75,190
Buddy Hield,1627741,2018-19,SAC,26,76,214
C.J. Williams,203710,2018-19,MIN,29,77,226
CJ McCollum,203468,2018-19,POR,27,75,190
CJ Miles,101139,2018-19,MEM,32,78,220
Caleb Swanigan,1628403,2018-19,SAC,22,81,250
Cameron Payne,1626166,2018-19,CLE,24,75,190
Cameron Reynolds,1629244,2018-19,MIN,24,80,225
Caris LeVert,1627747,2018-19,BKN,24,79,204
Carmelo Anthony,2546,2018-19,HOU,35,80,240
Cedi Osman,1626224,2018-19,CLE,24,80,215
Chandler Hutchison,1628990,2018-19,CHI,23,79,197
Chandler Parsons,202718,2018-19,MEM,30,82,230
Channing Frye,101112,2018-19,CLE,36,84,255
Chasson Randle,1626184,2018-19,WAS,26,74,185
Cheick Diallo,1627767,2018-19,NOP,22,81,220
Chimezie Metu,1629002,2018-19,SAS,22,82,225
Chris Boucher,1628449,2018-19,TOR,26,82,200
Chris Chiozza,1629185,2018-19,HOU,23,72,175
Chris Paul,101108,2018-19,HOU,34,72,175
Christian Wood,1626174,2018-19,NOP,23,82,214
Clint Capela,203991,2018-19,HOU,25,82,240
Cody Zeller,203469,2018-19,CHA,26,84,240
Collin Sexton,1629012,2018-19,CLE,20,74,190
Corey Brewer,201147,2018-19,SAC,33,81,186
Cory Joseph,202709,2018-19,IND,27,75,193
Courtney Lee,201584,2018-19,DAL,33,77,215
Cristiano Felicio,1626245,2018-19,CHI,26,82,265
D'Angelo Russell,1626156,2018-19,BKN,23,77,198
D.J. Augustin,201571,2018-19,ORL,31,72,183
D.J. Wilson,1628391,2018-19,MIL,23,82,231
DJ Stephens,203474,2018-19,MEM,28,77,188
Dairis Bertans,1629541,2018-19,NOP,29,76,200
Damian Jones,1627745,2018-19,GSW,24,84,245
Damian Lillard,203081,2018-19,POR,28,75,195
Damion Lee,1627814,2018-19,GSW,26,78,210
Damyean Dotson,1628422,2018-19,NYK,25,78,210
Daniel Hamilton,1627772,2018-19,ATL,23,79,195
Daniel Theis,1628464,2018-19,BOS,27,80,243
Danilo Gallinari,201568,2018-19,LAC,30,82,225
Danny Green,201980,2018-19,TOR,32,78,215
Dante Cunningham,201967,2018-19,SAS,32,80,230
Dante Exum,203957,2018-19,UTA,23,78,190
Danuel House Jr.,1627863,2018-19,HOU,26,79,220
Dario Saric,203967,2018-19,MIN,25,82,223
Darius Miller,203121,2018-19,NOP,29,80,225
Darren Collison,201954,2018-19,IND,31,72,175
Daryl Macon,1629133,2018-19,DAL,23,75,185
David Nwaba,1628021,2018-19,CLE,26,76,219
Davis Bertans,202722,2018-19,SAS,26,82,225
Davon Reed,1628432,2018-19,IND,24,77,208
De'Aaron Fox,1628368,2018-19,SAC,21,75,175
De'Anthony Melton,1629001,2018-19,PHX,21,76,200
DeAndre Jordan,201599,2018-19,NYK,30,83,265
DeAndre' Bembry,1627761,2018-19,ATL,24,78,210
DeMar DeRozan,201942,2018-19,SAS,29,79,220
DeMarcus Cousins,202326,2018-19,GSW,28,83,270
DeMarre Carroll,201960,2018-19,BKN,32,80,215
DeVaughn Akoon-Purcell,1629152,2018-19,DEN,26,78,200
Deandre Ayton,1629028,2018-19,PHX,20,85,250
Delon Wright,1626153,2018-19,MEM,27,77,183
Demetrius Jackson,1627743,2018-19,PHI,24,73,201
Deng Adel,1629061,2018-19,CLE,22,79,200
Dennis Schroder,203471,2018-19,OKC,25,73,172
Dennis Smith Jr.,1628372,2018-19,NYK,21,75,195
Deonte Burton,1629126,2018-19,OKC,25,77,245
Derrick Favors,202324,2018-19,UTA,27,82,265
Derrick Jones Jr.,1627884,2018-19,MIA,22,79,200
Derrick Rose,201565,2018-19,MIN,30,75,200
Derrick White,1628401,2018-19,SAS,24,76,190
Devin Booker,1626164,2018-19,PHX,22,78,210
Devin Harris,2734,2018-19,DAL,36,75,185
Devin Robinson,1628421,2018-19,WAS,24,80,200
Devonte' Graham,1628984,2018-19,CHA,24,74,185
Dewayne Dedmon,203473,2018-19,ATL,29,84,245
Deyonta Davis,1627738,2018-19,ATL,22,83,237
Dillon Brooks,1628415,2018-19,MEM,23,78,220
Dion Waiters,203079,2018-19,MIA,27,76,215
Dirk Nowitzki,1717,2018-19,DAL,41,84,245
Domantas Sabonis,1627734,2018-19,IND,23,83,240
Donatas Motiejunas,202700,2018-19,SAS,28,84,220
Donovan Mitchell,1628378,2018-19,UTA,22,75,215
Donte DiVincenzo,1628978,2018-19,MIL,22,76,203
Donte Grantham,1629055,2018-19,OKC,24,80,215
Dorian Finney-Smith,1627827,2018-19,DAL,26,80,220
Doug McDermott,203926,2018-19,IND,27,80,225
Dragan Bender,1627733,2018-19,PHX,21,85,225
Draymond Green,203110,2018-19,GSW,29,79,230
Drew Eubanks,1629234,2018-19,SAS,22,82,245
Duncan Robinson,1629130,2018-19,MIA,25,80,210
Dusty Hannahs,1628605,2018-19,MEM,25,76,195
Dwayne Bacon,1628407,2018-19,CHA,23,79,221
Dwight Howard,2730,2018-19,WAS,33,83,265
Dwight Powell,203939,2018-19,DAL,27,83,240
Dwyane Wade,2548,2018-19,MIA,37,76,220
Dzanan Musa,1629058,2018-19,BKN,20,81,208
E'Twaun Moore,202734,2018-19,NOP,30,76,191
Ed Davis,202334,2018-19,BKN,30,82,225
Edmond Sumner,1628410,2018-19,IND,23,78,176
Ekpe Udoh,202327,2018-19,UTA,32,82,245
Elfrid Payton,203901,2018-19,NOP,25,76,185
Elie Okobo,1629059,2018-19,PHX,21,75,190
Emanuel Terry,1629150,2018-19,MIA,22,81,220
Emmanuel Mudiay,1626144,2018-19,NYK,23,77,200
Enes Kanter,202683,2018-19,POR,27,83,250
Eric Bledsoe,202339,2018-19,MIL,29,73,205
Eric Gordon,201569,2018-19,HOU,30,76,215
Eric Moreland,203961,2018-19,TOR,27,82,238
Ersan Ilyasova,101141,2018-19,MIL,32,82,235
Evan Fournier,203095,2018-19,ORL,26,79,205
Evan Turner,202323,2018-19,POR,30,79,220
Frank Jackson,1628402,2018-19,NOP,21,75,205
Frank Kaminsky,1626163,2018-19,CHA,26,84,242
Frank Mason III,1628412,2018-19,SAC,25,71,190
Frank Ntilikina,1628373,2018-19,NYK,20,78,200
Fred VanVleet,1627832,2018-19,TOR,25,72,195
Furkan Korkmaz,1627788,2018-19,PHI,21,79,190
Garrett Temple,202066,2018-19,LAC,33,78,195
Gary Clark,1629109,2018-19,HOU,24,80,225
Gary Harris,203914,2018-19,DEN,24,76,210
Gary Payton II,1627780,2018-19,WAS,26,75,190
Gary Trent Jr.,1629018,2018-19,POR,20,78,205
George Hill,201588,2018-19,MIL,33,75,188
George King,1628994,2018-19,PHX,25,78,220
Georges Niang,1627777,2018-19,UTA,26,80,230
Gerald Green,101123,2018-19,HOU,33,79,205
Giannis Antetokounmpo,203507,2018-19,MIL,24,83,242
Glenn Robinson III,203922,2018-19,DET,25,78,222
Goran Dragic,201609,2018-19,MIA,33,75,190
Gordon Hayward,202330,2018-19,BOS,29,80,225
Gorgui Dieng,203476,2018-19,MIN,29,83,252
Grayson Allen,1628960,2018-19,UTA,23,77,198
Greg Monroe,202328,2018-19,PHI,29,83,265
Guerschon Yabusele,1627824,2018-19,BOS,23,80,260
Hamidou Diallo,1628977,2018-19,OKC,20,77,198
Harrison Barnes,203084,2018-19,SAC,27,80,225
Harry Giles III,1628385,2018-19,SAC,21,82,240
Hassan Whiteside,202355,2018-19,MIA,30,84,265
Haywood Highsmith,1629312,2018-19,PHI,22,79,220
Henry Ellenson,1627740,2018-19,NYK,22,83,245
Ian Clark,203546,2018-19,NOP,28,75,175
Ian Mahinmi,101133,2018-19,WAS,32,83,262
Ike Anigbogu,1628387,2018-19,IND,20,82,250
Iman Shumpert,202697,2018-19,HOU,29,77,215
Isaac Bonga,1629067,2018-19,LAL,19,80,180
Isaac Humphries,1629353,2018-19,ATL,21,84,260
Isaiah Briscoe,1628515,2018-19,ORL,23,75,215
Isaiah Canaan,203477,2018-19,MIL,28,72,200
Isaiah Hartenstein,1628392,2018-19,HOU,21,84,249
Isaiah Hicks,1628439,2018-19,NYK,24,81,230
Isaiah Thomas,202738,2018-19,DEN,30,69,185
Ish Smith,202397,2018-19,DET,30,72,175
Ivan Rabb,1628397,2018-19,MEM,22,82,220
Ivica Zubac,1627826,2018-19,LAC,22,85,240
J.J. Barea,200826,2018-19,DAL,35,72,185
J.P. Macura,1629122,2018-19,CHA,24,77,205
JJ Redick,200755,2018-19,PHI,35,76,200
JR Smith,2747,2018-19,CLE,33,78,225
JaKarr Sampson,203960,2018-19,CHI,26,81,215
JaMychal Green,203210,2018-19,LAC,29,81,227
JaVale McGee,201580,2018-19,LAL,31,84,270
Jabari Parker,203953,2018-19,WAS,24,80,245
Jacob Evans,1628980,2018-19,GSW,22,78,210
Jae Crowder,203109,2018-19,UTA,28,78,235
Jahlil Okafor,1626143,2018-19,NOP,23,83,275
Jake Layman,1627774,2018-19,POR,25,81,215
Jakob Poeltl,1627751,2018-19,SAS,23,84,230
Jalen Brunson,1628973,2018-19,DAL,22,75,190
Jalen Jones,1627883,2018-19,CLE,26,79,220
Jamal Crawford,2037,2018-19,PHX,39,77,185
Jamal Murray,1627750,2018-19,DEN,22,76,207
James Ennis III,203516,2018-19,PHI,28,79,210
James Harden,201935,2018-19,HOU,29,77,220
James Johnson,201949,2018-19,MIA,32,80,240
James Nunnally,203263,2018-19,HOU,28,79,208
Jared Dudley,201162,2018-19,BKN,33,79,237
Jared Terrell,1629123,2018-19,MIN,24,75,227
Jarell Martin,1626185,2018-19,ORL,25,82,239
Jaren Jackson Jr.,1628991,2018-19,MEM,19,83,242
Jaron Blossomgame,1628417,2018-19,CLE,25,80,220
Jarred Vanderbilt,1629020,2018-19,DEN,20,81,214
Jarrett Allen,1628386,2018-19,BKN,21,83,237
Jason Smith,201160,2018-19,NOP,33,84,240
Jawun Evans,1628393,2018-19,OKC,22,72,190
Jaylen Adams,1629121,2018-19,ATL,23,74,190
Jaylen Brown,1627759,2018-19,BOS,22,79,220
Jaylen Morris,1628537,2018-19,MIL,23,77,185
Jayson Tatum,1628369,2018-19,BOS,21,80,208
Jeff Green,201145,2018-19,WAS,32,81,235
Jeff Teague,201952,2018-19,MIN,31,74,195
Jemerrio Jones,1629203,2018-19,LAL,24,77,174
Jerami Grant,203924,2018-19,OKC,25,81,220
Jeremy Lamb,203087,2018-19,CHA,27,77,185
Jeremy Lin,202391,2018-19,TOR,30,75,200
Jerian Grant,1626170,2018-19,ORL,26,76,205
Jerome Robinson,1629010,2018-19,LAC,22,77,190
Jerryd Bayless,201573,2018-19,MIN,30,75,200
Jevon Carter,1628975,2018-19,MEM,23,74,196
Jimmer Fredette,202690,2018-19,PHX,30,74,195
Jimmy Butler,202710,2018-19,PHI,29,80,232
Joakim Noah,201149,2018-19,MEM,34,83,230
Jodie Meeks,201975,2018-19,TOR,31,76,210
Joe Chealey,1629147,2018-19,CHA,23,75,190
Joe Harris,203925,2018-19,BKN,27,78,218
Joe Ingles,204060,2018-19,UTA,31,80,226
Joel Embiid,203954,2018-19,PHI,25,84,250
John Collins,1628381,2018-19,ATL,21,82,235
John Henson,203089,2018-19,CLE,28,83,219
John Holland,204066,2018-19,CLE,30,77,205
John Jenkins,203098,2018-19,NYK,28,76,215
John Wall,202322,2018-19,WAS,28,76,210
Johnathan Motley,1628405,2018-19,LAC,24,82,230
Johnathan Williams,1629140,2018-19,LAL,24,81,228
Jon Leuer,202720,2018-19,DET,30,82,228
Jonah Bolden,1628413,2018-19,PHI,23,82,220
Jonas Jerebko,201973,2018-19,GSW,32,82,231
Jonas Valanciunas,202685,2018-19,MEM,27,84,265
Jonathan Isaac,1628371,2018-19,ORL,21,82,210
Jonathon Simmons,203613,2018-19,PHI,29,78,195
Jordan Bell,1628395,2018-19,GSW,24,81,224
Jordan Clarkson,203903,2018-19,CLE,27,77,194
Jordan Loyd,1628070,2018-19,TOR,25,76,210
Jordan McRae,203895,2018-19,WAS,28,77,179
Jordan Sibert,1626296,2018-19,ATL,26,76,187
Jose Calderon,101181,2018-19,DET,37,75,200
Josh Hart,1628404,2018-19,LAL,24,77,215
Josh Jackson,1628367,2018-19,PHX,22,80,200
Josh Okogie,1629006,2018-19,MIN,20,76,212
Josh Richardson,1626196,2018-19,MIA,25,78,200
Jrue Holiday,201950,2018-19,NOP,29,76,205
Juancho Hernangomez,1627823,2018-19,DEN,23,81,230
Julian Washburn,1627395,2018-19,MEM,27,80,209
Julius Randle,203944,2018-19,NOP,24,81,250
Justin Anderson,1626147,2018-19,ATL,25,78,230
Justin Holiday,203200,2018-19,MEM,30,78,181
Justin Jackson,1628382,2018-19,DAL,24,80,210
Justin Patton,1628383,2018-19,PHI,22,84,241
Justise Winslow,1626159,2018-19,MIA,23,79,225
Jusuf Nurkic,203994,2018-19,POR,24,84,275
Kadeem Allen,1628443,2018-19,NYK,26,75,200
Kalin Lucas,203564,2018-19,DET,30,73,195
Karl-Anthony Towns,1626157,2018-19,MIN,23,84,248
Kawhi Leonard,202695,2018-19,TOR,28,79,230
Keita Bates-Diop,1628966,2018-19,MIN,23,81,229
Kelly Olynyk,203482,2018-19,MIA,28,84,240
Kelly Oubre Jr.,1626162,2018-19,PHX,23,79,205
Kemba Walker,202689,2018-19,CHA,29,73,184
Kenneth Faried,202702,2018-19,HOU,29,80,220
Kenrich Williams,1629026,2018-19,NOP,24,79,210
Kent Bazemore,203145,2018-19,ATL,29,77,201
Kentavious Caldwell-Pope,203484,2018-19,LAL,26,77,205
Kevin Durant,201142,2018-19,GSW,30,81,240
Kevin Huerter,1628989,2018-19,ATL,20,79,190
Kevin Knox II,1628995,2018-19,NYK,19,81,215
Kevin Love,201567,2018-19,CLE,30,82,251
Kevon Looney,1626172,2018-19,GSW,23,81,220
Khem Birch,203920,2018-19,ORL,26,81,233
Khris Middleton,203114,2018-19,MIL,27,80,222
Khyri Thomas,1629017,2018-19,DET,23,75,210
Klay Thompson,202691,2018-19,GSW,29,79,215
Kobi Simmons,1628424,2018-19,CLE,21,76,170
Kosta Koufos,201585,2018-19,SAC,30,84,245
Kostas Antetokounmpo,1628961,2018-19,DAL,21,82,200
Kris Dunn,1627739,2018-19,CHI,25,76,205
Kyle Anderson,203937,2018-19,MEM,25,81,230
Kyle Korver,2594,2018-19,UTA,38,79,212
Kyle Kuzma,1628398,2018-19,LAL,23,81,220
Kyle Lowry,200768,2018-19,TOR,33,73,196
Kyle O'Quinn,203124,2018-19,IND,29,82,250
Kyrie Irving,202681,2018-19,BOS,27,75,193
LaMarcus Aldridge,200746,2018-19,SAS,33,83,260
Lance Stephenson,202362,2018-19,LAL,28,78,230
Lance Thomas,202498,2018-19,NYK,31,80,240
Landry Shamet,1629013,2018-19,LAC,22,77,188
Langston Galloway,204038,2018-19,DET,27,74,200
Larry Nance Jr.,1626204,2018-19,CLE,26,81,230
Lauri Markkanen,1628374,2018-19,CHI,22,84,240
LeBron James,2544,2018-19,LAL,34,80,250
Lonnie Walker IV,1629022,2018-19,SAS,20,77,205
Lonzo Ball,1628366,2018-19,LAL,21,78,190
Lorenzo Brown,203485,2018-19,TOR,28,77,189
Lou Williams,101150,2018-19,LAC,32,73,175
Luc Mbah a Moute,201601,2018-19,LAC,32,80,230
Luka Doncic,1629029,2018-19,DAL,20,79,218
Luke Kennard,1628379,2018-19,DET,23,77,206
Luke Kornet,1628436,2018-19,NYK,23,85,250
Luol Deng,2736,2018-19,MIN,34,81,237
Malachi Richardson,1627781,2018-19,TOR,23,78,205
Malcolm Brogdon,1627763,2018-19,MIL,26,77,229
Malcolm Miller,1626259,2018-19,TOR,26,79,210
Malik Beasley,1627736,2018-19,DEN,22,77,195
Malik Monk,1628370,2018-19,CHA,21,75,200
MarShon Brooks,202705,2018-19,MEM,30,77,200
Marc Gasol,201188,2018-19,TOR,34,85,255
Marcin Gortat,101162,2018-19,LAC,35,83,240
Marco Belinelli,201158,2018-19,SAS,33,77,210
Marcus Derrickson,1629094,2018-19,GSW,23,79,249
Marcus Morris Sr.,202694,2018-19,BOS,29,81,235
Marcus Smart,203935,2018-19,BOS,25,76,220
Mario Hezonja,1626209,2018-19,NYK,24,80,225
Markelle Fultz,1628365,2018-19,ORL,21,76,200
Markieff Morris,202693,2018-19,OKC,29,82,245
Marquese Chriss,1627737,2018-19,CLE,21,82,240
Marvin Bagley III,1628963,2018-19,SAC,20,83,234
Marvin Williams,101107,2018-19,CHA,33,81,237
Mason Plumlee,203486,2018-19,DEN,29,83,235
Matthew Dellavedova,203521,2018-19,CLE,28,76,200
Maurice Harkless,203090,2018-19,POR,26,81,220
Maxi Kleber,1628467,2018-19,DAL,27,83,240
Melvin Frazier,1628982,2018-19,ORL,22,78,200
Meyers Leonard,203086,2018-19,POR,27,85,255
Michael Beasley,201563,2018-19,LAL,30,81,235
Michael Carter-Williams,203487,2018-19,ORL,27,78,190
Michael Kidd-Gilchrist,203077,2018-19,CHA,25,79,232
Mikal Bridges,1628969,2018-19,PHX,22,79,210
Mike Conley,201144,2018-19,MEM,31,73,175
Mike Muscala,203488,2018-19,LAL,27,83,240
Mike Scott,203118,2018-19,PHI,30,80,237
Miles Bridges,1628970,2018-19,CHA,21,79,225
Miles Plumlee,203101,2018-19,ATL,30,83,249
Milos Teodosic,1628462,2018-19,LAC,32,77,196
Mitchell Creek,1628249,2018-19,MIN,27,78,225
Mitchell Robinson,1629011,2018-19,NYK,21,85,240
Mo Bamba,1628964,2018-19,ORL,21,84,221
Monte Morris,1628420,2018-19,DEN,24,75,175
Montrezl Harrell,1626149,2018-19,LAC,25,80,240
Moritz Wagner,1629021,2018-19,LAL,22,83,245
Myles Turner,1626167,2018-19,IND,23,83,250
Naz Mitrou-Long,1628513,2018-19,UTA,25,76,218
Nemanja Bjelica,202357,2018-19,SAC,31,82,234
Nene,2403,2018-19,HOU,36,83,250
Nerlens Noel,203457,2018-19,OKC,25,83,220
Nick Young,201156,2018-19,DEN,34,79,210
Nicolas Batum,201587,2018-19,CHA,30,80,200
Nik Stauskas,203917,2018-19,CLE,25,78,205
Nikola Jokic,203999,2018-19,DEN,24,84,250
Nikola Mirotic,202703,2018-19,MIL,28,82,250
Nikola Vucevic,202696,2018-19,ORL,28,84,260
Noah Vonleh,203943,2018-19,NYK,23,81,250
Norman Powell,1626181,2018-19,TOR,26,76,215
OG Anunoby,1628384,2018-19,TOR,21,80,232
Okaro White,1627855,2018-19,WAS,26,80,205
Omari Spellman,1629016,2018-19,ATL,21,81,245
Omri Casspi,201956,2018-19,MEM,31,81,225
Otto Porter Jr.,203490,2018-19,CHI,26,80,198
P.J. Tucker,200782,2018-19,HOU,34,78,245
PJ Dozier,1628408,2018-19,BOS,22,78,205
Pascal Siakam,1627783,2018-19,TOR,25,81,230
Pat Connaughton,1626192,2018-19,MIL,26,76,209
Patrick Beverley,201976,2018-19,LAC,30,73,185
Patrick McCaw,1627775,2018-19,TOR,23,79,185
Patrick Patterson,202335,2018-19,OKC,30,81,230
Patty Mills,201988,2018-19,SAS,30,72,180
Pau Gasol,2200,2018-19,MIL,38,84,250
Paul George,202331,2018-19,OKC,29,81,220
Paul Millsap,200794,2018-19,DEN,34,80,246
Quincy Acy,203112,2018-19,PHX,28,79,240
Quincy Pondexter,202347,2018-19,SAS,31,79,230
Quinn Cook,1626188,2018-19,GSW,26,74,179
RJ Hunter,1626154,2018-19,BOS,25,77,185
Rajon Rondo,200765,2018-19,LAL,33,73,186
Raul Neto,203526,2018-19,UTA,27,73,179
Rawle Alkins,1628959,2018-19,CHI,21,77,225
Ray Spalding,1629034,2018-19,PHX,22,82,215
Raymond Felton,101109,2018-19,OKC,35,73,205
Reggie Bullock,203493,2018-19,LAL,28,79,205
Reggie Jackson,202704,2018-19,DET,29,75,208
Richaun Holmes,1626158,2018-19,PHX,25,82,235
Ricky Rubio,201937,2018-19,UTA,28,76,190
Robert Covington,203496,2018-19,MIN,28,81,225
Robert Williams III,1629057,2018-19,BOS,21,82,240
Robin Lopez,201577,2018-19,CHI,31,84,275
Rodions Kurucs,1629066,2018-19,BKN,21,81,210
Rodney Hood,203918,2018-19,POR,26,80,206
Rodney McGruder,203585,2018-19,LAC,27,76,200
Ron Baker,1627758,2018-19,WAS,26,76,220
Rondae Hollis-Jefferson,1626178,2018-19,BKN,24,79,217
Royce O'Neale,1626220,2018-19,UTA,26,78,226
Rudy Gay,200752,2018-19,SAS,32,80,230
Rudy Gobert,203497,2018-19,UTA,27,85,245
Russell Westbrook,201566,2018-19,OKC,30,75,200
Ryan Anderson,201583,2018-19,MIA,31,82,240
Ryan Arcidiacono,1627853,2018-19,CHI,25,75,200
Ryan Broekhoff,1629151,2018-19,DAL,28,79,215
Salah Mejri,1626257,2018-19,DAL,33,86,235
Sam Dekker,1626155,2018-19,WAS,25,81,230
Scott Machado,203159,2018-19,LAL,29,73,205
Semi Ojeleye,1628400,2018-19,BOS,24,79,241
Serge Ibaka,201586,2018-19,TOR,29,82,235
Seth Curry,203552,2018-19,POR,28,74,185
Shabazz Napier,203894,2018-19,BKN,27,73,180
Shai Gilgeous-Alexander,1628983,2018-19,LAC,20,78,181
Shake Milton,1629003,2018-19,PHI,22,78,207
Shaquille Harrison,1627885,2018-19,CHI,25,76,190
Shaun Livingston,2733,2018-19,GSW,33,79,192
Shelvin Mack,202714,2018-19,CHA,29,75,203
Sindarius Thornwell,1628414,2018-19,LAC,24,77,215
Skal Labissiere,1627746,2018-19,POR,23,83,235
Solomon Hill,203524,2018-19,NOP,28,79,225
Spencer Dinwiddie,203915,2018-19,BKN,26,78,210
Stanley Johnson,1626169,2018-19,NOP,23,79,245
Stephen Curry,201939,2018-19,GSW,31,75,190
Sterling Brown,1628425,2018-19,MIL,24,78,232
Steven Adams,203500,2018-19,OKC,25,84,265
Svi Mykhailiuk,1629004,2018-19,DET,22,80,205
T.J. Leaf,1628388,2018-19,IND,22,82,225
T.J. McConnell,204456,2018-19,PHI,27,74,190
T.J. Warren,203933,2018-19,PHX,25,80,215
Tahjere McCall,1628769,2018-19,BKN,24,77,190
Taj Gibson,201959,2018-19,MIN,34,81,232
Taurean Prince,1627752,2018-19,ATL,25,80,220
Terrance Ferguson,1628390,2018-19,OKC,21,79,190
Terrence Jones,203093,2018-19,HOU,27,81,252
Terrence Ross,203082,2018-19,ORL,28,79,206
Terry Rozier,1626179,2018-19,BOS,25,73,190
Thabo Sefolosha,200757,2018-19,UTA,35,79,220
Thaddeus Young,201152,2018-19,IND,31,80,221
Theo Pinson,1629033,2018-19,BKN,23,78,218
Thomas Bryant,1628418,2018-19,WAS,21,83,248
Thomas Welsh,1629118,2018-19,DEN,23,84,255
Thon Maker,1627748,2018-19,DET,22,85,221
Tim Frazier,204025,2018-19,MIL,28,73,170
Tim Hardaway Jr.,203501,2018-19,DAL,27,78,205
Timothe Luwawu-Cabarrot,1627789,2018-19,CHI,24,78,210
Tobias Harris,202699,2018-19,PHI,26,81,235
Tomas Satoransky,203107,2018-19,WAS,27,79,210
Tony Bradley,1628396,2018-19,UTA,21,82,248
Tony Parker,2225,2018-19,CHA,37,74,185
Tony Snell,203503,2018-19,MIL,27,79,213
Torrey Craig,1628470,2018-19,DEN,28,79,215
Trae Young,1629027,2018-19,ATL,20,74,180
Treveon Graham,1626203,2018-19,BKN,25,77,225
Trevon Duval,1628979,2018-19,HOU,20,74,189
Trevor Ariza,2772,2018-19,WAS,33,80,215
Trey Burke,203504,2018-19,DAL,26,73,175
Trey Lyles,1626168,2018-19,DEN,23,82,234
Tristan Thompson,202684,2018-19,CLE,28,82,238
Troy Brown Jr.,1628972,2018-19,WAS,19,79,215
Troy Caupain,1628505,2018-19,ORL,23,76,210
Troy Daniels,203584,2018-19,PHX,27,76,205
Troy Williams,1627786,2018-19,SAC,24,79,218
Tyler Cavanaugh,1628463,2018-19,UTA,25,81,238
Tyler Davis,1629093,2018-19,OKC,22,82,266
Tyler Dorsey,1628416,2018-19,MEM,23,77,183
Tyler Johnson,204020,2018-19,PHX,27,76,190
Tyler Lydon,1628399,2018-19,DEN,23,82,225
Tyler Ulis,1627755,2018-19,CHI,23,70,160
Tyler Zeller,203092,2018-19,MEM,29,84,253
Tyreke Evans,201936,2018-19,IND,29,78,220
Tyrone Wallace,1627820,2018-19,LAC,25,77,198
Tyson Chandler,2199,2018-19,LAL,36,85,240
Tyus Jones,1626145,2018-19,MIN,23,74,196
Udonis Haslem,2617,2018-19,MIA,39,80,235
Victor Oladipo,203506,2018-19,IND,27,76,210
Vince Carter,1713,2018-19,ATL,42,78,220
Vincent Edwards,1629053,2018-19,HOU,23,80,225
Wade Baldwin IV,1627735,2018-19,POR,23,76,200
Walt Lemon Jr.,1627215,2018-19,CHI,26,75,180
Wayne Ellington,201961,2018-19,DET,31,77,200
Wayne Selden,1627782,2018-19,CHI,24,77,230
Wendell Carter Jr.,1628976,2018-19,CHI,20,82,255
Wes Iwundu,1628411,2018-19,ORL,24,79,195
Wesley Johnson,202325,2018-19,WAS,31,79,215
Wesley Matthews,202083,2018-19,IND,32,77,220
Will Barton,203115,2018-19,DEN,28,78,190
Willie Cauley-Stein,1626161,2018-19,SAC,25,84,240
Willy Hernangomez,1626195,2018-19,CHA,25,83,240
Wilson Chandler,201163,2018-19,LAC,32,81,225
Yante Maten,1628999,2018-19,MIA,22,80,240
Yogi Ferrell,1627812,2018-19,SAC,26,72,180
Yuta Watanabe,1629139,2018-19,MEM,24,81,205
Zach Collins,1628380,2018-19,POR,21,84,235
Zach LaVine,203897,2018-19,CHI,24,77,200
Zach Lofton,1629155,2018-19,DET,26,76,180
Zaza Pachulia,2585,2018-19,DET,35,83,270
Zhaire Smith,1629015,2018-19,PHI,20,76,199
Zhou Qi,1627753,2018-19,HOU,23,85,210
